Symbol,Name,Sector,Logo
MMM,3M,Industrials,https://upload.wikimedia.org/wikipedia/commons/thumb/1/15/3M_wordmark.svg/600px-3M_wordmark.svg.png?20220730193218
AOS,A. O. Smith,Industrials,https://companieslogo.com/img/orig/AOS-8582223d.png?t=1598836466
ABT,Abbott Laboratories,Health Care,https://upload.wikimedia.org/wikipedia/commons/thumb/a/a4/Abbott_Laboratories_logo.svg/1200px-Abbott_Laboratories_logo.svg.png
ABBV,AbbVie,Health Care,https://upload.wikimedia.org/wikipedia/commons/thumb/c/cc/AbbVie_logo.svg/2560px-AbbVie_logo.svg.png
ABMD,Abiomed,Health Care,https://upload.wikimedia.org/wikipedia/commons/thumb/b/b9/ABIOMED_logo.svg/2560px-ABIOMED_logo.svg.png
ACN,Accenture,Information Technology,https://1000logos.net/wp-content/uploads/2021/04/Accenture-logo.png
ATVI,Activision Blizzard,Communication Services,https://1000logos.net/wp-content/uploads/2020/09/Activision-logo.png
ADM,ADM,Consumer Staples,https://upload.wikimedia.org/wikipedia/commons/thumb/3/36/Archer_Daniels_Midland_logo.svg/1280px-Archer_Daniels_Midland_logo.svg.png
ADBE,Adobe,Information Technology,https://1000logos.net/wp-content/uploads/2021/04/Adobe-logo.png
AAP,Advance Auto Parts,Consumer Discretionary,https://logos-world.net/wp-content/uploads/2022/04/Advance-Auto-Parts-Logo.png
AMD,Advanced Micro Devices,Information Technology,https://upload.wikimedia.org/wikipedia/commons/thumb/7/7c/AMD_Logo.svg/2560px-AMD_Logo.svg.png
AES,AES Corp,Utilities,https://www.aes.com/sites/aesvault.com/files/images/AES_Logo-RBG-S_0.png
AFL,Aflac,Financials,https://1000logos.net/wp-content/uploads/2022/12/Aflac-logo.png
A,Agilent Technologies,Health Care,https://acsanalytical.org/wp-content/uploads/2019/04/agilent-technologies-logo.png
APD,Air Products & Chemicals,Materials,https://ssd2.s3.amazonaws.com/um5f74uo448dph7brp48vmndx0gx
AKAM,Akamai Technologies,Information Technology,https://upload.wikimedia.org/wikipedia/commons/thumb/8/8b/Akamai_logo.svg/1280px-Akamai_logo.svg.png
ALK,Alaska Air Group,Industrials,https://logos-world.net/wp-content/uploads/2021/02/Alaska-Airlines-Logo.png
ALB,Albemarle Corporation,Materials,https://companieslogo.com/img/orig/ALB-ea894ccd.png?t=1652271730
ARE,Alexandria Real Estate Equities,Real Estate,https://companieslogo.com/img/orig/ARE-d4fba7c1.png?t=1596250809
ALGN,Align Technology,Health Care,https://seeklogo.com/images/A/align-technology-logo-ADFFAAC977-seeklogo.com.png
ALLE,Allegion,Industrials,https://www.allegion.com/content/dam/aem-component-guide/hero-images/allegion-logo.png
LNT,Alliant Energy,Utilities,https://alliantinsight.com/wp-content/uploads/2020/10/Alliant-Long@3x.png
ALL,Allstate Corp,Financials,https://1000logos.net/wp-content/uploads/2021/12/Allstate-Logo-1999.png
GOOGL,Alphabet (Class A),Communication Services,https://1000logos.net/wp-content/uploads/2021/05/Alphabet-logo.png
GOOG,Alphabet (Class C),Communication Services,https://1000logos.net/wp-content/uploads/2021/05/Alphabet-logo.png
MO,Altria Group,Consumer Staples,https://upload.wikimedia.org/wikipedia/en/thumb/5/5b/Altria_logo.svg/1200px-Altria_logo.svg.png
AMZN,Amazon,Consumer Discretionary,https://upload.wikimedia.org/wikipedia/commons/thumb/4/4a/Amazon_icon.svg/2500px-Amazon_icon.svg.png
AMCR,Amcor,Materials,https://upload.wikimedia.org/wikipedia/en/2/2d/Amcor_logo.png
AEE,Ameren Corp,Utilities,https://upload.wikimedia.org/wikipedia/commons/8/8c/Ameren_logo.svg
AAL,American Airlines Group,Industrials,https://s21.q4cdn.com/616071541/files/multimedia-gallery/assets/Logos/american-airlines/THUMB-aa_aa__vrt_rgb_grd_pos.png
AEP,American Electric Power,Utilities,https://upload.wikimedia.org/wikipedia/commons/thumb/5/5f/AEP_logo.svg/2560px-AEP_logo.svg.png
AXP,American Express,Financials,https://1000logos.net/wp-content/uploads/2016/10/American-Express-logo.png
AIG,American International Group,Financials,https://upload.wikimedia.org/wikipedia/commons/5/50/AIG_new_logo.svg
AMT,American Tower,Real Estate,https://companieslogo.com/img/orig/AMT_BIG-608c404a.png?t=1633336252
AWK,American Water Works,Utilities,https://companieslogo.com/img/orig/AWK_BIG-b2418b1f.png?t=1652272238
AMP,Ameriprise Financial,Financials,https://companieslogo.com/img/orig/AMP-fa601dd4.png?t=1652274598
ABC,AmerisourceBergen,Health Care,https://companieslogo.com/img/orig/ABC-f94b2257.png?t=1652275702
AME,Ametek,Industrials,https://companieslogo.com/img/orig/AME-60ee23cb.png?t=1652274461
AMGN,Amgen,Health Care,https://companieslogo.com/img/orig/AMGN-10e15ed0.png?t=1633439525
APH,Amphenol,Information Technology,https://companieslogo.com/img/orig/APH-05df4819.png?t=1661929182
ADI,Analog Devices,Information Technology,https://companieslogo.com/img/orig/ADI-a124bc28.png?t=1633350529
ANSS,Ansys,Information Technology,https://companieslogo.com/img/orig/ANSS-afc9cd74.png?t=1652258615
ANTM,Anthem,Health Care,https://companieslogo.com/img/orig/ANTM-5d7461c2.png?t=1648027060
AON,Aon,Financials,https://companieslogo.com/img/orig/AON-ef8e330a.png?t=1648189613
APA,APA Corporation,Energy,https://companieslogo.com/img/orig/APA-71682653.png?t=1671246959
AAPL,Apple,Information Technology,https://companieslogo.com/img/orig/AAPL-bf1a4314.png?t=1632720960
AMAT,Applied Materials,Information Technology,https://companieslogo.com/img/orig/AMAT-a2114cab.png?t=1633625318
APTV,Aptiv,Consumer Discretionary,https://companieslogo.com/img/orig/APTV-2cd4b44e.png?t=1634122017
ANET,Arista Networks,Information Technology,https://companieslogo.com/img/orig/ANET-b0ca505a.png?t=1650690328
AJG,Arthur J. Gallagher & Co.,Financials,https://companieslogo.com/img/orig/AJG-c44aa382.png?t=1596659879
AIZ,Assurant,Financials,https://companieslogo.com/img/orig/AIZ-8fd9e027.png?t=1598835614
T,AT&T,Communication Services,https://companieslogo.com/img/orig/T-cec8a3f9.png?t=1633439494
ATO,Atmos Energy,Utilities,https://companieslogo.com/img/orig/ATO-e03f2252.png?t=1671778535
ADSK,Autodesk,Information Technology,https://companieslogo.com/img/orig/ADSK-a7a56d77.png?t=1634221106
ADP,Automatic Data Processing,Information Technology,https://companieslogo.com/img/orig/ADP-599b1a3f.png?t=1648026726
AZO,AutoZone,Consumer Discretionary,https://companieslogo.com/img/orig/AZO-e4bcc390.png?t=1672038645
AVB,AvalonBay Communities,Real Estate,https://companieslogo.com/img/orig/AVB-5ef909ff.png?t=1681965871
AVY,Avery Dennison,Materials,https://companieslogo.com/img/orig/AVY-ea7b0dd2.png?t=1597611316
BKR,Baker Hughes,Energy,https://companieslogo.com/img/orig/BKR-2eb33376.png?t=1654496729
BLL,Ball Corp,Materials,https://companieslogo.com/img/orig/BALL-96d09409.png?t=1679487250
BAC,Bank of America,Financials,https://companieslogo.com/img/orig/BAC-e7995069.png?t=1633208020
BBWI,Bath & Body Works Inc.,Consumer Discretionary,https://companieslogo.com/img/orig/BBWI-25978f7a.png?t=1634627274
BAX,Baxter International,Health Care,https://companieslogo.com/img/orig/BAX-c205f006.png?t=1652276063
BDX,Becton Dickinson,Health Care,https://companieslogo.com/img/orig/BDX-cb35179f.png?t=1648189770
BRK.B,Berkshire Hathaway,Financials,https://companieslogo.com/img/orig/BRK-B-25f11589.png?t=1633671522
BBY,Best Buy,Consumer Discretionary,https://companieslogo.com/img/orig/BBY-412f9d6d.png?t=1653378992
BIO,Bio-Rad Laboratories,Health Care,https://companieslogo.com/img/orig/BIO-32aa1bb8.png?t=1597248378
TECH,Bio-Techne,Health Care,https://companieslogo.com/img/orig/TECH-247fec03.png?t=1654526216
BIIB,Biogen,Health Care,https://companieslogo.com/img/orig/BIIB-c54e2f33.png?t=1654526986
BLK,BlackRock,Financials,https://companieslogo.com/img/orig/BLK-c62bf4b8.png?t=1649698104
BK,BNY Mellon,Financials,https://companieslogo.com/img/orig/BK-9173126b.png?t=1651421395
BA,Boeing,Industrials,https://companieslogo.com/img/orig/BA-fb24e03c.png?t=1633224568
BKNG,Booking Holdings,Consumer Discretionary,https://companieslogo.com/img/orig/BKNG-dc9c371c.png?t=1673682583
BWA,BorgWarner,Consumer Discretionary,https://companieslogo.com/img/orig/BWA-bcb628ed.png?t=1654512516
BXP,Boston Properties,Real Estate,https://companieslogo.com/img/orig/BXP-69035ede.png?t=1654526743
BSX,Boston Scientific,Health Care,https://companieslogo.com/img/orig/BSX-a656495a.png?t=1654495168
BMY,Bristol Myers Squibb,Health Care,https://companieslogo.com/img/orig/BMY-03bb5df8.png?t=1633224743
AVGO,Broadcom,Information Technology,https://companieslogo.com/img/orig/AVGO-ceb477a4.png?t=1654488680
BR,Broadridge Financial Solutions,Information Technology,https://companieslogo.com/img/orig/BR-2d50b7e2.png?t=1674881976
BRO,Brown & Brown,Financials,https://companieslogo.com/img/orig/BRO-63428c0e.png?t=1597493177
BF.B,Brown–Forman,Consumer Staples,https://companieslogo.com/img/orig/BF-A-dd721cc1.png?t=1654529989
CHRW,C. H. Robinson,Industrials,https://companieslogo.com/img/orig/CHRW-ac8f65c2.png?t=1681198597
CDNS,Cadence Design Systems,Information Technology,https://companieslogo.com/img/orig/CDNS-20a21ff7.png?t=1652258778
CZR,Caesars Entertainment,Consumer Discretionary,https://companieslogo.com/img/orig/CZR-be64a80f.png?t=1673235343
CPB,Campbell Soup,Consumer Staples,https://companieslogo.com/img/orig/CPB-8dcfdbc9.png?t=1676450734
COF,Capital One Financial,Financials,https://companieslogo.com/img/orig/COF-669e640e.png?t=1634111222
CAH,Cardinal Health,Health Care,https://companieslogo.com/img/orig/CAH-8e1f7039.png?t=1681966045
KMX,CarMax,Consumer Discretionary,https://companieslogo.com/img/orig/KMX-0eb10b46.png?t=1653626147
CCL,Carnival Corporation,Consumer Discretionary,https://companieslogo.com/img/orig/CCL-a806b4d3.png?t=1595249379
CARR,Carrier Global,Industrials,https://companieslogo.com/img/orig/CARR-5bb29961.png?t=1649102558
CTLT,Catalent,Health Care,https://companieslogo.com/img/orig/CTLT-79e0e612.png?t=1660576980
CAT,Caterpillar,Industrials,https://companieslogo.com/img/orig/CAT-bb6413e4.png?t=1634013656
CBOE,Cboe Global Markets,Financials,https://companieslogo.com/img/orig/CBOE-e8b0d8f7.png?t=1677244064
CBRE,CBRE,Real Estate,https://companieslogo.com/img/orig/CBRE-ae2e0421.png?t=1648832207
CDW,CDW,Information Technology,https://companieslogo.com/img/orig/CDW-bc859ce4.png?t=1660548082
CE,Celanese,Materials,https://companieslogo.com/img/orig/CE-270bc1a1.png?t=1677649025
CNC,Centene Corporation,Health Care,https://companieslogo.com/img/orig/CNC-01d5c66a.png?t=1649096187
CNP,CenterPoint Energy,Utilities,https://companieslogo.com/img/orig/CNP-bad61b4c.png?t=1678346333
CDAY,Ceridian,Information Technology,https://companieslogo.com/img/orig/CDAY-23780c41.png?t=1597159374
CERN,Cerner,Health Care,https://companieslogo.com/img/orig/CERN-4c75d8aa.png?t=1596252838
CF,CF Industries,Materials,https://companieslogo.com/img/orig/CF-4b5931de.png?t=1678518151
CRL,Charles River Laboratories,Health Care,https://companieslogo.com/img/orig/CRL-187bf0d4.png?t=1597610284
SCHW,Charles Schwab Corporation,Financials,https://companieslogo.com/img/orig/SCHW-649a838a.png?t=1633508544
CHTR,Charter Communications,Communication Services,https://companieslogo.com/img/orig/CHTR-64ec8eba.png?t=1649698393
CVX,Chevron Corporation,Energy,https://companieslogo.com/img/orig/CVX-92486b6f.png?t=1660262485
CMG,Chipotle Mexican Grill,Consumer Discretionary,https://companieslogo.com/img/orig/CMG-0295f544.png?t=1649083126
CB,Chubb,Financials,https://companieslogo.com/img/orig/CB-f934339b.png?t=1681279657
CHD,Church & Dwight,Consumer Staples,https://companieslogo.com/img/orig/CHD-33f64083.png?t=1597312450
CI,Cigna,Health Care,https://companieslogo.com/img/orig/CI-a878b016.png?t=1678529192
CINF,Cincinnati Financial,Financials,https://companieslogo.com/img/orig/CINF-c91f0536.png?t=1597168017
CTAS,Cintas Corporation,Industrials,https://companieslogo.com/img/orig/CTAS-564002f0.png?t=1649160349
CSCO,Cisco Systems,Information Technology,https://companieslogo.com/img/orig/CSCO-187e9f61.png?t=1633217347
C,Citigroup,Financials,https://companieslogo.com/img/orig/C-9c2e2afb.png?t=1681964498
CFG,Citizens Financial Group,Financials,https://companieslogo.com/img/orig/CFG-6f831c43.png?t=1678710183
CTXS,Citrix Systems,Information Technology,https://companieslogo.com/img/orig/CTXS-2e03e16c.png?t=1652257335
CLX,Clorox,Consumer Staples,https://companieslogo.com/img/orig/CLX-1f090f66.png?t=1643305509
CME,CME Group,Financials,https://companieslogo.com/img/orig/CME-ce2f32ad.png?t=1648651025
CMS,CMS Energy,Utilities,https://companieslogo.com/img/orig/CMS-2b72b642.png?t=1660553027
KO,Coca-Cola Company,Consumer Staples,https://companieslogo.com/img/orig/KO-b23a2a5e.png?t=1632523370
CTSH,Cognizant Technology Solutions,Information Technology,https://companieslogo.com/img/orig/CTSH-82a8444b.png?t=1652276339
CL,Colgate-Palmolive,Consumer Staples,https://companieslogo.com/img/orig/CL-a39d8cf4.png?t=1647968468
CMCSA,Comcast,Communication Services,https://companieslogo.com/img/orig/CMCSA-6309c0ab.png?t=1633216905
CMA,Comerica,Financials,https://companieslogo.com/img/orig/CMA-02f81614.png?t=1678710495
CAG,Conagra Brands,Consumer Staples,https://companieslogo.com/img/orig/CAG-bb82eb82.png?t=1680852063
COP,ConocoPhillips,Energy,https://companieslogo.com/img/orig/COP-8c03daa5.png?t=1634019974
ED,Consolidated Edison,Utilities,https://companieslogo.com/img/orig/ED-f1268dc6.png?t=1654567645
STZ,Constellation Brands,Consumer Staples,https://companieslogo.com/img/orig/STZ-8c7b4c10.png?t=1648747789
CPRT,Copart,Industrials,https://companieslogo.com/img/orig/CPRT-3397d590.png?t=1660544019
GLW,Corning,Information Technology,https://companieslogo.com/img/orig/GLW-b907addc.png?t=1652275286
CTVA,Corteva,Materials,https://companieslogo.com/img/orig/CTVA-f9378f89.png?t=1649083451
COST,Costco,Consumer Staples,https://companieslogo.com/img/orig/COST-180a6d1f.png?t=1633439405
CTRA,Coterra,Energy,https://companieslogo.com/img/orig/CTRA-d69861b4.png?t=1634189335
CCI,Crown Castle,Real Estate,https://companieslogo.com/img/orig/CCI-93fc946e.png?t=1634111716
CSX,CSX,Industrials,https://companieslogo.com/img/orig/CSX-628f3ca3.png?t=1634114610
CMI,Cummins,Industrials,https://companieslogo.com/img/orig/CMI-8d42affb.png?t=1652273110
CVS,CVS Health,Health Care,https://companieslogo.com/img/orig/CVS-d976a718.png?t=1653557647
DHI,D. R. Horton,Consumer Discretionary,https://companieslogo.com/img/orig/DHI-ca2732dc.png?t=1652264950
DHR,Danaher Corporation,Health Care,https://companieslogo.com/img/orig/DHR-e407c091.png?t=1633439517
DRI,Darden Restaurants,Consumer Discretionary,https://companieslogo.com/img/orig/DRI-5538cd90.png?t=1649297856
DVA,DaVita,Health Care,https://companieslogo.com/img/orig/DVA-dc8baf4e.png?t=1660636970
DE,Deere & Co.,Industrials,https://companieslogo.com/img/orig/DE-0fca2708.png?t=1660586001
DAL,Delta Air Lines,Industrials,https://companieslogo.com/img/orig/DAL-3ea1d23b.png?t=1648913453
XRAY,Dentsply Sirona,Health Care,https://companieslogo.com/img/orig/XRAY-7512de0b.png?t=1660631253
DVN,Devon Energy,Energy,https://companieslogo.com/img/orig/DVN-7c68c790.png?t=1648914792
DXCM,DexCom,Health Care,https://companieslogo.com/img/orig/DXCM-32b2efab.png?t=1648914084
FANG,Diamondback Energy,Energy,https://companieslogo.com/img/orig/FANG-676e983d.png?t=1652263757
DLR,Digital Realty Trust,Real Estate,https://companieslogo.com/img/orig/DLR-7cf72d94.png?t=1648913000
DFS,Discover Financial Services,Financials,https://companieslogo.com/img/orig/DFS-72325cfa.png?t=1660586406
DISCA,Discovery (Series A),Communication Services,https://companieslogo.com/img/orig/DISCA-806b6e03.png?t=1597491126
DISCK,Discovery (Series C),Communication Services,https://companieslogo.com/img/orig/DISCA-806b6e03.png?t=1597491126
DISH,Dish Network,Communication Services,https://companieslogo.com/img/orig/DISH-2a30e38a.png?t=1660587592
DG,Dollar General,Consumer Discretionary,https://companieslogo.com/img/orig/DG-07de1097.png?t=1592528848
DLTR,Dollar Tree,Consumer Discretionary,https://companieslogo.com/img/orig/DLTR-14624b8c.png?t=1659723451
D,Dominion Energy,Utilities,https://companieslogo.com/img/orig/D-ea35c93c.png?t=1647978690
DPZ,Domino's Pizza,Consumer Discretionary,https://companieslogo.com/img/orig/DPZ-9c373038.png?t=1649182192
DOV,Dover Corporation,Industrials,https://companieslogo.com/img/orig/DOV-81855931.png?t=1680852270
DOW,Dow,Materials,https://companieslogo.com/img/orig/DOW-2c6cad56.png?t=1648914941
DTE,DTE Energy,Utilities,https://companieslogo.com/img/orig/DTE-2a1c7c9e.png?t=1651814437
DUK,Duke Energy,Utilities,https://companieslogo.com/img/orig/DUK-455e56e5.png?t=1648371405
DRE,Duke Realty Corp,Real Estate,https://companieslogo.com/img/orig/DRE-e0a33f3b.png?t=1649763012
DD,DuPont,Materials,https://companieslogo.com/img/orig/DD-2cdf04f5.png?t=1648913274
DXC,DXC Technology,Information Technology,https://companieslogo.com/img/orig/DXC-64efe069.png?t=1660025337
EMN,Eastman Chemical,Materials,https://companieslogo.com/img/orig/EMN-55393edd.png?t=1679645199
ETN,Eaton Corporation,Industrials,https://companieslogo.com/img/orig/ETN-a0c4c514.png?t=1654490216
EBAY,eBay,Consumer Discretionary,https://companieslogo.com/img/orig/EBAY-a442b3a2.png?t=1648041477
ECL,Ecolab,Materials,https://companieslogo.com/img/orig/ECL-b417c4a1.png?t=1654489788
EIX,Edison International,Utilities,https://companieslogo.com/img/orig/EIX-8491c315.png?t=1680852456
EW,Edwards Lifesciences,Health Care,https://companieslogo.com/img/orig/EW-01178867.png?t=1654491413
EA,Electronic Arts,Communication Services,https://companieslogo.com/img/orig/EA-2938c5cb.png?t=1648188988
LLY,Eli Lilly & Co,Health Care,https://companieslogo.com/img/orig/LLY-a89a5a37.png?t=1633215703
EMR,Emerson Electric Company,Industrials,https://companieslogo.com/img/orig/EMR-d0841a47.png?t=1654489947
ENPH,Enphase Energy,Information Technology,https://companieslogo.com/img/orig/ENPH-d2da375d.png?t=1649167835
ETR,Entergy,Utilities,https://companieslogo.com/img/orig/ETR-3d80de90.png?t=1649181597
EOG,EOG Resources,Energy,https://companieslogo.com/img/orig/EOG-29a01b64.png?t=1654490741
EFX,Equifax,Industrials,https://companieslogo.com/img/orig/EFX-19aaca33.png?t=1652265147
EQIX,Equinix,Real Estate,https://companieslogo.com/img/orig/EQIX-463f7e33.png?t=1654490588
EQR,Equity Residential,Real Estate,https://companieslogo.com/img/orig/EQR-c9983854.png?t=1648831980
ESS,Essex Property Trust,Real Estate,https://companieslogo.com/img/orig/ESS-fcfac302.png?t=1654491851
EL,Estée Lauder Companies,Consumer Staples,https://companieslogo.com/img/orig/EL-5785cf33.png?t=1633337621
ETSY,Etsy,Consumer Discretionary,https://companieslogo.com/img/orig/ETSY-9d318ad7.png?t=1648741074
RE,Everest Re,Financials,https://companieslogo.com/img/orig/RE-93050887.png?t=1681802276
EVRG,Evergy,Utilities,https://companieslogo.com/img/orig/EVRG-15c3ce9d.png?t=1648741518
ES,Eversource Energy,Utilities,https://companieslogo.com/img/orig/ES-897e04dd.png?t=1648300771
EXC,Exelon,Utilities,https://companieslogo.com/img/orig/EXC-80c70269.png?t=1654489548
EXPE,Expedia Group,Consumer Discretionary,https://companieslogo.com/img/orig/EXPE-ec99ca4b.png?t=1648150031
EXPD,Expeditors,Industrials,https://companieslogo.com/img/orig/EXPD-5ee1a89a.png?t=1648816229
EXR,Extra Space Storage,Real Estate,https://companieslogo.com/img/orig/EXR-b5a25ce1.png?t=1654493674
XOM,ExxonMobil,Energy,https://companieslogo.com/img/orig/XOM-52f55a13.png?t=1633217102
FFIV,F5 Networks,Information Technology,https://companieslogo.com/img/orig/FFIV-bb8852d2.png?t=1660641068
FB,Facebook,Communication Services,https://companieslogo.com/img/orig/FB-2d2223ad.png?t=1633076955
FAST,Fastenal,Industrials,https://companieslogo.com/img/orig/FAST-b642bf5f.png?t=1652275114
FRT,Federal Realty Investment Trust,Real Estate,https://companieslogo.com/img/orig/FRT-62f7662c.png?t=1598831879
FDX,FedEx,Industrials,https://companieslogo.com/img/orig/FDX-35c19ad4.png?t=1648042471
FIS,Fidelity National Information Services,Information Technology,https://companieslogo.com/img/orig/FIS-5ab45a72.png?t=1634115331
FITB,Fifth Third Bancorp,Financials,https://companieslogo.com/img/orig/FITB-51fa4e0c.png?t=1643526623
FRC,First Republic Bank,Financials,https://companieslogo.com/img/orig/FRC-78754430.png?t=1654139198
FE,FirstEnergy,Utilities,https://companieslogo.com/img/orig/FE-bafef023.png?t=1652264705
FISV,Fiserv,Information Technology,https://companieslogo.com/img/orig/FISV-3c3e43dc.png?t=1654637558
FLT,Fleetcor,Information Technology,https://companieslogo.com/img/orig/FLT-e3b986ff.png?t=1649749974
FMC,FMC Corporation,Materials,https://companieslogo.com/img/orig/FMC-11d384ea.png?t=1660640467
F,Ford,Consumer Discretionary,https://companieslogo.com/img/orig/F-4cbb5d30.png?t=1647436107
FTNT,Fortinet,Information Technology,https://companieslogo.com/img/orig/FTNT-745f92ba.png?t=1657094696
FTV,Fortive,Industrials,https://companieslogo.com/img/orig/FTV-9837a818.png?t=1648805700
FBHS,Fortune Brands Home & Security,Industrials,https://companieslogo.com/img/orig/FBHS-c930d026.png?t=1660665046
FOXA,Fox Corporation (Class A),Communication Services,https://companieslogo.com/img/orig/FOX-a0b08ad2.png?t=1648883931
FOX,Fox Corporation (Class B),Communication Services,https://companieslogo.com/img/orig/FOX-a0b08ad2.png?t=1648883931
BEN,Franklin Resources,Financials,https://companieslogo.com/img/orig/BEN-565b5e4b.png?t=1597206684
FCX,Freeport-McMoRan,Materials,https://companieslogo.com/img/orig/FCX-d4665a30.png?t=1647980755
GPS,Gap,Consumer Discretionary,https://companieslogo.com/img/orig/GPS-be9fdf89.png?t=1681712213
GRMN,Garmin,Consumer Discretionary,https://companieslogo.com/img/orig/GRMN-acdf71ee.png?t=1649180734
IT,Gartner,Information Technology,https://companieslogo.com/img/orig/GRMN-acdf71ee.png?t=1649180734
GNRC,Generac Holdings,Industrials,https://companieslogo.com/img/orig/GNRC-e17b98b8.png?t=1670394692
GD,General Dynamics,Industrials,https://companieslogo.com/img/orig/GD-28d1f36f.png?t=1648284001
GE,General Electric,Industrials,https://companieslogo.com/img/orig/GE-0f5d8584.png?t=1647981255
GIS,General Mills,Consumer Staples,https://companieslogo.com/img/orig/GIS-70e32eca.png?t=1648732953
GM,General Motors,Consumer Discretionary,https://companieslogo.com/img/orig/GM-7169314a.png?t=1634009946
GPC,Genuine Parts,Consumer Discretionary,https://companieslogo.com/img/orig/GPC-3cbd5bde.png?t=1597159612
GILD,Gilead Sciences,Health Care,https://companieslogo.com/img/orig/GILD-3c480bbb.png?t=1647893715
GPN,Global Payments,Information Technology,https://companieslogo.com/img/orig/GPN-b6a64831.png?t=1649180487
GL,Globe Life,Financials,https://companieslogo.com/img/orig/GL-9c593a3d.png?t=1681964168
GS,Goldman Sachs,Financials,https://companieslogo.com/img/orig/GS-71003e9a.png?t=1647980990
HAL,Halliburton,Energy,https://companieslogo.com/img/orig/HAL-9c9f5e6b.png?t=1597490725
HBI,Hanesbrands,Consumer Discretionary,https://companieslogo.com/img/orig/HBI-81cf5003.png?t=1598503393
HAS,Hasbro,Consumer Discretionary,https://companieslogo.com/img/orig/HAS-732d06d3.png?t=1597207375
HCA,HCA Healthcare,Health Care,https://companieslogo.com/img/orig/HCA-122ba174.png?t=1648283781
PEAK,Healthpeak Properties,Real Estate,https://companieslogo.com/img/orig/PEAK-a7f38d19.png?t=1648832441
HSIC,Henry Schein,Health Care,https://companieslogo.com/img/orig/HSIC-8f0f4323.png?t=1597251022
HES,Hess Corporation,Energy,https://companieslogo.com/img/orig/HES-3db7669c.png?t=1648738365
HPE,Hewlett Packard Enterprise,Information Technology,https://companieslogo.com/img/orig/HPE-3f646b4a.png?t=1665029278
HLT,Hilton Worldwide,Consumer Discretionary,https://companieslogo.com/img/orig/HLT-a5f90419.png?t=1651592805
HOLX,Hologic,Health Care,https://companieslogo.com/img/orig/HOLX-1d564b76.png?t=1682579063
HD,Home Depot,Consumer Discretionary,https://companieslogo.com/img/orig/HD-c2e64c95.png?t=1633215944
HON,Honeywell,Industrials,https://companieslogo.com/img/orig/HON_BIG-881c910d.png?t=1647981072
HRL,Hormel,Consumer Staples,https://companieslogo.com/img/orig/HRL-baf8135e.png?t=1596263203
HST,Host Hotels & Resorts,Real Estate,https://companieslogo.com/img/orig/HST-48552f4c.png?t=1682153269
HWM,Howmet Aerospace,Industrials,https://companieslogo.com/img/orig/HWM-0c921cd9.png?t=1597354088
HPQ,HP,Information Technology,https://companieslogo.com/img/orig/HPQ-30e5d607.png?t=1682650685
HUM,Humana,Health Care,https://companieslogo.com/img/orig/HUM-db1a00aa.png?t=1635272432
HBAN,Huntington Bancshares,Financials,https://companieslogo.com/img/orig/HBAN-1e9d214c.png?t=1597250570
HII,Huntington Ingalls Industries,Industrials,https://companieslogo.com/img/orig/HII-141df391.png?t=1682656307
IBM,IBM,Information Technology,https://companieslogo.com/img/orig/IBM-57502b16.png?t=1669436923
IEX,IDEX Corporation,Industrials,https://companieslogo.com/img/orig/IEX-3ff195b9.png?t=1634276011
IDXX,Idexx Laboratories,Health Care,https://companieslogo.com/img/orig/IDXX-d9c286e7.png?t=1682824389
INFO,IHS Markit,Industrials,https://companieslogo.com/img/orig/INFO-e4ca3078.png?t=1592706513
ITW,Illinois Tool Works,Industrials,https://companieslogo.com/img/orig/ITW-1c6fba65.png?t=1634115482
ILMN,Illumina,Health Care,https://companieslogo.com/img/orig/ILMN-e6ffdb68.png?t=1634123516
INCY,Incyte,Health Care,https://companieslogo.com/img/orig/INCY-b36b9503.png?t=1679043555
IR,Ingersoll Rand,Industrials,https://companieslogo.com/img/orig/IR-c9af8666.png?t=1603638062
INTC,Intel,Information Technology,https://companieslogo.com/img/orig/INTC-12074943.png?t=1633221777
ICE,Intercontinental Exchange,Financials,https://companieslogo.com/img/orig/ICE-0d18c377.png?t=1634115004
IFF,International Flavors & Fragrances,Materials,https://companieslogo.com/img/orig/IFF-d20d30e0.png?t=1652275406
IP,International Paper,Materials,https://companieslogo.com/img/orig/IP-8980cf11.png?t=1683088745
IPG,Interpublic Group,Communication Services,https://companieslogo.com/img/orig/IPG-9f28030e.png?t=1597353987
INTU,Intuit,Information Technology,https://companieslogo.com/img/orig/INTU-fb19ded3.png?t=1663381346
ISRG,Intuitive Surgical,Health Care,https://companieslogo.com/img/orig/ISRG-34870a06.png?t=1633337056
IVZ,Invesco,Financials,https://companieslogo.com/img/orig/IVZ-0fb79451.png?t=1683092280
IPGP,IPG Photonics,Information Technology,https://companieslogo.com/img/orig/IPGP-30817997.png?t=1597270591
IQV,IQVIA,Health Care,https://companieslogo.com/img/orig/IQV-f307fe2e.png?t=1634120115
IRM,Iron Mountain,Real Estate,https://companieslogo.com/img/orig/IRM-81bce3cf.png?t=1659766098
JBHT,J. B. Hunt,Industrials,https://companieslogo.com/img/orig/JBHT-d65b9d46.png?t=1649788825
JKHY,Jack Henry & Associates,Information Technology,https://companieslogo.com/img/orig/JKHY-edb75523.png?t=1659933099
J,Jacobs Engineering Group,Industrials,https://companieslogo.com/img/orig/J-9176ac56.png?t=1648149164
SJM,JM Smucker,Consumer Staples,https://companieslogo.com/img/orig/SJM-43f7c152.png?t=1659935420
JNJ,Johnson & Johnson,Health Care,https://companieslogo.com/img/orig/JNJ-5579062e.png?t=1633074288
JCI,Johnson Controls,Industrials,https://companieslogo.com/img/orig/JCI-48affaa2.png?t=1655544229
JPM,JPMorgan Chase,Financials,https://companieslogo.com/img/orig/JPM-6b337108.png?t=1654673332
JNPR,Juniper Networks,Information Technology,https://companieslogo.com/img/orig/JNPR-a9c42983.png?t=1655545635
KSU,Kansas City Southern,Industrials,https://companieslogo.com/img/orig/KSU-743c07fa.png?t=1597248782
K,Kellogg's,Consumer Staples,https://companieslogo.com/img/orig/K-b27c0809.png?t=1648750008
KEY,KeyCorp,Financials,https://companieslogo.com/img/orig/KEY-eb88a8e1.png?t=1655906264
KEYS,Keysight Technologies,Information Technology,https://companieslogo.com/img/orig/KEYS-18a34669.png?t=1648572219
KMB,Kimberly-Clark,Consumer Staples,https://companieslogo.com/img/orig/KMB-f97a2317.png?t=1634121121
KIM,Kimco Realty,Real Estate,https://companieslogo.com/img/orig/KIM-807a2ec8.png?t=1648827892
KMI,Kinder Morgan,Energy,https://companieslogo.com/img/orig/KMI-e95eaf34.png?t=1654772931
KLAC,KLA Corporation,Information Technology,https://companieslogo.com/img/orig/KLAC-7aca8190.png?t=1648334134
KHC,Kraft Heinz,Consumer Staples,https://companieslogo.com/img/orig/KHC-77f2e0d3.png?t=1634120976
KR,Kroger,Consumer Staples,https://companieslogo.com/img/orig/KR-f39fde68.png?t=1648371817
LHX,L3Harris Technologies,Industrials,https://companieslogo.com/img/orig/LHX-2a0d9867.png?t=1648848858
LH,LabCorp,Health Care,https://companieslogo.com/img/orig/LH-8eb9cabe.png?t=1648666607
LRCX,Lam Research,Information Technology,https://companieslogo.com/img/orig/LRCX-e2fa3ab0.png?t=1634109185
LW,Lamb Weston,Consumer Staples,https://companieslogo.com/img/orig/LW-e3cdb6aa.png?t=1651998199
LVS,Las Vegas Sands,Consumer Discretionary,https://companieslogo.com/img/orig/LVS-a75ed80a.png?t=1649434526
LEG,Leggett & Platt,Consumer Discretionary,https://companieslogo.com/img/orig/LEG-25580a01.png?t=1659791690
LDOS,Leidos,Industrials,https://companieslogo.com/img/orig/LDOS-9dbc97eb.png?t=1648813210
LEN,Lennar,Consumer Discretionary,https://companieslogo.com/img/orig/LEN-5982aa6d.png?t=1648158083
LNC,Lincoln National,Financials,https://companieslogo.com/img/orig/LNC-8823a9fb.png?t=1650522202
LIN,Linde,Materials,https://companieslogo.com/img/orig/LIN-6bc884cf.png?t=1633222815
LYV,Live Nation Entertainment,Communication Services,https://companieslogo.com/img/orig/LYV-780c6e4a.png?t=1659682414
LKQ,LKQ Corporation,Consumer Discretionary,https://companieslogo.com/img/orig/LKQ-b2de6c0e.png?t=1668742940
LMT,Lockheed Martin,Industrials,https://companieslogo.com/img/orig/LMT-db3de619.png?t=1647951659
L,Loews Corporation,Financials,https://companieslogo.com/img/orig/L-a85b0d4e.png?t=1649068313
LOW,Lowe's,Consumer Discretionary,https://companieslogo.com/img/orig/LOW-e8785bdd.png?t=1633509984
LUMN,Lumen Technologies,Communication Services,https://companieslogo.com/img/orig/LUMN-f59f7be5.png?t=1660196945
LYB,LyondellBasell,Materials,https://companieslogo.com/img/orig/LYB-b9b35749.png?t=1656040206
MTB,M&T Bank,Financials,https://companieslogo.com/img/orig/MTB-4251082b.png?t=1649699071
MRO,Marathon Oil,Energy,https://companieslogo.com/img/orig/MRO-e09fb02e.png?t=1653620009
MPC,Marathon Petroleum,Energy,https://companieslogo.com/img/orig/MPC-e9499e2f.png?t=1648467941
MKTX,MarketAxess,Financials,https://companieslogo.com/img/orig/MKTX-b8ca363e.png?t=1596251524
MAR,Marriott International,Consumer Discretionary,https://companieslogo.com/img/orig/MAR-5124f716.png?t=1648283604
MMC,Marsh & McLennan,Financials,https://companieslogo.com/img/orig/MMC-4611aee0.png?t=1634009269
MLM,Martin Marietta Materials,Materials,https://companieslogo.com/img/orig/MLM-86e23874.png?t=1648752907
MAS,Masco,Industrials,https://companieslogo.com/img/orig/MAS-5d424e36.png?t=1597403182
MA,Mastercard,Information Technology,https://companieslogo.com/img/orig/MA-c8ce4564.png?t=1647961845
MTCH,Match Group,Communication Services,https://companieslogo.com/img/orig/MTCH-f1fc879c.png?t=1648760329
MKC,McCormick & Company,Consumer Staples,https://companieslogo.com/img/orig/MKC-c6f75644.png?t=1649181002
MCD,McDonald's,Consumer Discretionary,https://companieslogo.com/img/orig/MCD-4fd8e96f.png?t=1647435923
MCK,McKesson Corporation,Health Care,https://companieslogo.com/img/orig/MCK-7a68ba28.png?t=1648189326
MDT,Medtronic,Health Care,https://companieslogo.com/img/orig/MDT-8ea4f5f3.png?t=1633439417
MRK,Merck & Co.,Health Care,https://companieslogo.com/img/orig/MRK-7f8ec2c5.png?t=1633439530
MET,MetLife,Financials,https://companieslogo.com/img/orig/MET-d9ef9e6b.png?t=1648156508
MTD,Mettler Toledo,Health Care,https://companieslogo.com/img/orig/MTD-88200943.png?t=1596660693
MGM,MGM Resorts International,Consumer Discretionary,https://companieslogo.com/img/orig/MGM-cc9d85e4.png?t=1669437288
MCHP,Microchip Technology,Information Technology,https://companieslogo.com/img/orig/MCHP-167156da.png?t=1648759881
MU,Micron Technology,Information Technology,https://companieslogo.com/img/orig/MU-4d86a316.png?t=1633506476
MSFT,Microsoft,Information Technology,https://companieslogo.com/img/orig/MSFT-a203b22d.png?t=1633073277
MAA,Mid-America Apartments,Real Estate,https://companieslogo.com/img/orig/MAA-8a3efcc1.png?t=1650191389
MRNA,Moderna,Health Care,https://companieslogo.com/img/orig/MRNA-723e7c1a.png?t=1633496905
MHK,Mohawk Industries,Consumer Discretionary,https://companieslogo.com/img/orig/MHK-dee3aa03.png?t=1659724537
TAP,Molson Coors Beverage Company,Consumer Staples,https://companieslogo.com/img/orig/TAP-135e79cb.png?t=1657094318
MDLZ,Mondelez International,Consumer Staples,https://companieslogo.com/img/orig/MDLZ-a693044f.png?t=1633505566
MPWR,Monolithic Power Systems,Information Technology,https://companieslogo.com/img/orig/MPWR-045a6061.png?t=1654587707
MNST,Monster Beverage,Consumer Staples,https://companieslogo.com/img/orig/MNST-95f9ddfe.png?t=1597048639
MCO,Moody's Corporation,Financials,https://companieslogo.com/img/orig/MCO-e3d0dc47.png?t=1634115668
MS,Morgan Stanley,Financials,https://companieslogo.com/img/orig/MS-285b3c2c.png?t=1632523065
MSI,Motorola Solutions,Information Technology,https://companieslogo.com/img/orig/MSI-7283da32.png?t=1649084054
MSCI,MSCI,Financials,https://companieslogo.com/img/orig/MSCI-5adba2a6.png?t=1649085743
NDAQ,Nasdaq,Financials,https://companieslogo.com/img/orig/NDAQ-1a768cf8.png?t=1647436666
NTAP,NetApp,Information Technology,https://companieslogo.com/img/orig/NTAP-e8894000.png?t=1648747418
NFLX,Netflix,Communication Services,https://companieslogo.com/img/orig/NFLX-7466b597.png?t=1633074945
NWL,Newell Brands,Consumer Discretionary,https://companieslogo.com/img/orig/NWL-8097a884.png?t=1597354601
NEM,Newmont,Materials,https://companieslogo.com/img/orig/NEM-9b518837.png?t=1637461027
NWSA,News Corp (Class A),Communication Services,https://companieslogo.com/img/orig/NWS-a620c93e.png?t=1634709318
NWS,News Corp (Class B),Communication Services,https://companieslogo.com/img/orig/NWS-a620c93e.png?t=1634709318
NEE,NextEra Energy,Utilities,https://companieslogo.com/img/orig/NEE-84769d68.png?t=1633439384
NLSN,Nielsen Holdings,Industrials,https://companieslogo.com/img/orig/NLSN-ddaf8018.png?t=1656414906
NKE,Nike,Consumer Discretionary,https://companieslogo.com/img/orig/NKE-0c8add60.png?t=1632522146
NI,NiSource,Utilities,https://companieslogo.com/img/orig/NI-660b673f.png?t=1597270539
NSC,Norfolk Southern,Industrials,https://companieslogo.com/img/orig/NSC-edb4d6a9.png?t=1635007218
NTRS,Northern Trust,Financials,https://companieslogo.com/img/orig/NTRS-d63c40d2.png?t=1649068866
NOC,Northrop Grumman,Industrials,https://companieslogo.com/img/orig/NOC-98b724df.png?t=1634123982
NLOK,NortonLifeLock,Information Technology,https://companieslogo.com/img/orig/NLOK-1979f62e.png?t=1649438294
NCLH,Norwegian Cruise Line Holdings,Consumer Discretionary,https://companieslogo.com/img/orig/NCLH-3a0e162b.png?t=1659724252
NRG,NRG Energy,Utilities,https://companieslogo.com/img/orig/NRG-16db1a08.png?t=1598837012
NUE,Nucor,Materials,https://companieslogo.com/img/orig/NUE-a07c8adc.png?t=1648730962
NVDA,Nvidia,Information Technology,https://companieslogo.com/img/orig/NVDA-220e1e03.png?t=1633073585
NVR,NVR,Consumer Discretionary,https://companieslogo.com/img/orig/NVR-d10dfcd1.png?t=1649764869
NXPI,NXP,Information Technology,https://companieslogo.com/img/orig/NXPI-078f70fa.png?t=1648189073
ORLY,O'Reilly Automotive,Consumer Discretionary,https://companieslogo.com/img/orig/ORLY-a3848b52.png?t=1648143282
OXY,Occidental Petroleum,Energy,https://companieslogo.com/img/orig/OXY-6f3438e9.png?t=1648159650
ODFL,Old Dominion Freight Line,Industrials,https://companieslogo.com/img/orig/ODFL-f3847880.png?t=1596252087
OMC,Omnicom Group,Communication Services,https://companieslogo.com/img/orig/OMC-5f464208.png?t=1652760666
OKE,Oneok,Energy,https://companieslogo.com/img/orig/OKE-9e8f1e3d.png?t=1648199212
ORCL,Oracle,Information Technology,https://companieslogo.com/img/orig/ORCL-d5a587ae.png?t=1633210264
OGN,Organon & Co.,Health Care,https://companieslogo.com/img/orig/OGN-67285454.png?t=1635515761
OTIS,Otis Worldwide,Industrials,https://companieslogo.com/img/orig/OTIS_BIG-ba713e1a.png?t=1648185584
PCAR,Paccar,Industrials,https://companieslogo.com/img/orig/PCAR-f31e0aff.png?t=1648188882
PKG,Packaging Corporation of America,Materials,https://companieslogo.com/img/orig/PKG-182d6dfd.png?t=1669877145
PH,Parker-Hannifin,Industrials,https://companieslogo.com/img/orig/PH-b83efa54.png?t=1648186868
PAYX,Paychex,Information Technology,https://companieslogo.com/img/orig/PAYX-64b79868.png?t=1647978880
PAYC,Paycom,Information Technology,https://companieslogo.com/img/orig/PAYC-24018c37.png?t=1648901143
PYPL,PayPal,Information Technology,https://companieslogo.com/img/orig/PYPL-3570673e.png?t=1633695449
PENN,Penn National Gaming,Cohttps://companieslogo.com/img/orig/PNR-4e62815c.png?t=1634710329
PBCT,People's United Financial,Financials,https://companieslogo.com/img/orig/PBCTP-0a760db6.png?t=1598505106
PEP,PepsiCo,Consumer Staples,https://companieslogo.com/img/orig/PEP-a33c9cf1.png?t=1633439508
PKI,PerkinElmer,Health Care,https://companieslogo.com/img/orig/PKI-cf07c7e2.png?t=1648333690
PFE,Pfizer,Health Care,https://companieslogo.com/img/orig/PFE-749aeae5.png?t=1633215085
PM,Philip Morris International,Consumer Staples,https://companieslogo.com/img/orig/PM-9b5fa1ae.png?t=1678353966
PSX,Phillips 66,Energy,https://companieslogo.com/img/orig/PSX-dfae59b5.png?t=1648159796
PNW,Pinnacle West Capital,Utilities,https://companieslogo.com/img/orig/PNW-f43b35a5.png?t=1601334073
PXD,Pioneer Natural Resources,Energy,https://companieslogo.com/img/orig/PXD-f214e1d1.png?t=1648312017
PNC,PNC Financial Services,Financials,https://companieslogo.com/img/orig/PNC-7acb1325.png?t=1647879156
POOL,Pool Corporation,Consumer Discretionary,https://companieslogo.com/img/orig/POOL-9bb33743.png?t=1654588694
PPG,PPG Industries,Materials,https://companieslogo.com/img/orig/PPG-8af001b7.png?t=1648199055
PPL,PPL,Utilities,https://companieslogo.com/img/orig/PPL-c638881d.png?t=1648749215
PFG,Principal Financial Group,Financials,https://companieslogo.com/img/orig/PFG-e98e7c78.png?t=1654588359
PG,Procter & Gamble,Consumer Staples,https://companieslogo.com/img/orig/PG-b828a7df.png?t=1633215329
PGR,Progressive Corporation,Financials,https://companieslogo.com/img/orig/PGR_BIG-532ebeb9.png?t=1635272532
PLD,Prologis,Real Estate,https://companieslogo.com/img/orig/PLD-b05d2072.png?t=1634016850
PRU,Prudential Financial,Financials,https://companieslogo.com/img/orig/PRU-93ed16d6.png?t=1648139677
PTC,PTC,Information Technology,https://companieslogo.com/img/orig/PTC-88a1e9cb.png?t=1659678937
PEG,Public Service Enterprise Group,Utilities,https://companieslogo.com/img/orig/PEG-f0cc4dd2.png?t=1648185072
PSA,Public Storage,Real Estate,https://companieslogo.com/img/orig/PSA-063755f8.png?t=1647879574
PHM,PulteGroup,Consumer Discretionary,https://companieslogo.com/img/orig/PHM-fb3b997a.png?t=1668743419
PVH,PVH,Consumer Discretionary,https://companieslogo.com/img/orig/PVH-bf16b57b.png?t=1600383875
QRVO,Qorvo,Information Technology,https://companieslogo.com/img/orig/QRVO-9165020f.png?t=1648656049
QCOM,Qualcomm,Information Technology,https://companieslogo.com/img/orig/QCOM-515e1eda.png?t=1659278709
PWR,Quanta Services,Industrials,https://companieslogo.com/img/orig/PWR-f0f9c979.png?t=1597871118
DGX,Quest Diagnostics,Health Care,https://companieslogo.com/img/orig/DGX-9a3e04e0.png?t=1648572874
RL,Ralph Lauren Corporation,Consumer Discretionary,https://companieslogo.com/img/orig/RL-fe27c7e6.png?t=1668743772
RJF,Raymond James Financial,Financials,https://companieslogo.com/img/orig/RJF-1a431933.png?t=1597492911
RTX,Raytheon Technologies,Industrials,https://companieslogo.com/img/orig/RTX-0ad52297.png?t=1633225000
O,Realty Income Corporation,Real Estate,https://companieslogo.com/img/orig/O-dddbd112.png?t=1596660404
REG,Regency Centers,Real Estate,https://companieslogo.com/img/orig/REG-df63c20d.png?t=1632997240
REGN,Regeneron Pharmaceuticals,Health Care,https://companieslogo.com/img/orig/REGN_BIG-e85f1041.png?t=1647840855
RF,Regions Financial Corporation,Financials,https://companieslogo.com/img/orig/RF-03bf2417.png?t=1648190254
RSG,Republic Services,Industrials,https://companieslogo.com/img/orig/RSG-ce4cd646.png?t=1648148531
RMD,ResMed,Health Care,https://companieslogo.com/img/orig/RMD-b7dadf5b.png?t=1647864033
RHI,Robert Half International,Industrials,https://companieslogo.com/img/orig/RHI-d5c92a4e.png?t=1648655338
ROK,Rockwell Automation,Industrials,https://companieslogo.com/img/orig/ROK-331842c1.png?t=1596262923
ROL,Rollins,Industrials,https://companieslogo.com/img/orig/ROL-651a3409.png?t=1648656446
ROP,Roper Technologies,Industrials,https://companieslogo.com/img/orig/ROP-685db974.png?t=1670250269
ROST,Ross Stores,Consumer Discretionary,https://companieslogo.com/img/orig/ROST-d4f4529e.png?t=1648042293
RCL,Royal Caribbean Group,Consumer Discretionary,https://companieslogo.com/img/orig/RCL-8028a7c6.png?t=1648337174
SPGI,S&P Global,Financials,https://companieslogo.com/img/orig/SPGI-23d836fa.png?t=1651808338
CRM,Salesforce,Information Technology,https://companieslogo.com/img/orig/CRM-74b365dd.png?t=1633216760
SBAC,SBA Communications,Real Estate,https://companieslogo.com/img/orig/SBAC-f77394a7.png?t=1660234486
SLB,Schlumberger,Energy,https://companieslogo.com/img/orig/SLB-66cc2dd9.png?t=1671247166
STX,Seagate Technology,Information Technology,https://companieslogo.com/img/orig/STX-e2109075.png?t=1660238149
SEE,Sealed Air,Materials,https://companieslogo.com/img/orig/SEE-3cf7a858.png?t=1668744228
SRE,Sempra Energy,Utilities,https://companieslogo.com/img/orig/SRE-d42e9b3e.png?t=1648157284
NOW,ServiceNow,Information Technology,https://companieslogo.com/img/orig/NOW-6d5a01eb.png?t=1647966832
SHW,Sherwin-Williams,Materials,https://companieslogo.com/img/orig/SHW_BIG-b69c7d0f.png?t=1634109322
SPG,Simon Property Group,Real Estate,https://companieslogo.com/img/orig/SPG-0e2dd5fb.png?t=1634129702
SWKS,Skyworks Solutions,Information Technology,https://companieslogo.com/img/orig/SWKS-a09b0f78.png?t=1671247442
SNA,Snap-on,Industrials,https://companieslogo.com/img/orig/SNA_BIG-959fd60e.png?t=1671778756
SO,Southern Company,Utilities,https://companieslogo.com/img/orig/SO-bc44012c.png?t=1648042002
LUV,Southwest Airlines,Industrials,https://companieslogo.com/img/orig/LUV-8f519f22.png?t=1660236829
SWK,Stanley Black & Decker,Industrials,https://companieslogo.com/img/orig/SWK-a273ca39.png?t=1597403618
SBUX,Starbucks,Consumer Discretionary,https://companieslogo.com/img/orig/SBUX-0200dcbd.png?t=1633439375
STT,State Street Corporation,Financials,https://companieslogo.com/img/orig/STT_BIG-98ee7b9e.png?t=1660236516
STE,Steris,Health Care,https://companieslogo.com/img/orig/STE-1d42230e.png?t=1683436389
SYK,Stryker Corporation,Health Care,https://companieslogo.com/img/orig/SYK-8091df98.png?t=1633504652
SIVB,SVB Financial,Financials,https://companieslogo.com/img/orig/SIVB-957efd9b.png?t=1660236646
SYF,Synchrony Financial,Financials,https://companieslogo.com/img/orig/SYF-87a24d5c.png?t=1660236936
SNPS,Synopsys,Information Technology,https://companieslogo.com/img/orig/SNPS-d0ea4223.png?t=1648194123
SYY,Sysco,Consumer Staples,https://companieslogo.com/img/orig/SYY_BIG-3ab23a28.png?t=1660231035
TMUS,T-Mobile US,Communication Services,https://companieslogo.com/img/orig/TMUS-c281226a.png?t=1633439389
TROW,T. Rowe Price,Financials,https://companieslogo.com/img/orig/TROW-a6168310.png?t=1660545511
TTWO,Take-Two Interactive,Communication Services,https://companieslogo.com/img/orig/TTWO-7f674f5c.png?t=1660232598
TPR,Tapestry,Consumer Discretionary,https://companieslogo.com/img/orig/TPR_BIG-5d520a4e.png?t=1660544166
TGT,Target Corporation,Consumer Discretionary,https://companieslogo.com/img/orig/TGT-72eb9761.png?t=1633514069
TEL,TE Connectivity,Information Technology,https://companieslogo.com/img/orig/TEL-32284be0.png?t=1660220554
TDY,Teledyne Technologies,Industrials,https://companieslogo.com/img/orig/TDY-18f3a489.png?t=1648738588
TFX,Teleflex,Health Care,https://companieslogo.com/img/orig/TFX-650c3fb4.png?t=1660536989
TER,Teradyne,Information Technology,https://companieslogo.com/img/orig/TER-e972e9fc.png?t=1596875818
TSLA,Tesla,Consumer Discretionary,https://companieslogo.com/img/orig/TSLA_BIG-29a70360.png?t=1633074393
TXN,Texas Instruments,Information Technology,https://companieslogo.com/img/orig/TXN-e197f953.png?t=1633439481
TXT,Textron,Industrials,https://companieslogo.com/img/orig/TXT-924bfc8f.png?t=1660539033
COO,The Cooper Companies,Health Care,https://companieslogo.com/img/orig/COO-fdf8e252.png?t=1596662262
HIG,The Hartford,Financials,https://companieslogo.com/img/orig/HIG-531aeaea.png?t=1648746963
HSY,The Hershey Company,Consumer Staples,https://companieslogo.com/img/orig/HSY-c3b1d702.png?t=1660220291
MOS,The Mosaic Company,Materials,https://companieslogo.com/img/orig/MOS-19570526.png?t=1660232810
TRV,The Travelers Companies,Financials,https://companieslogo.com/img/orig/TRV-08fde93c.png?t=1648751911
DIS,The Walt Disney Company,Communication Services,https://companieslogo.com/img/orig/DIS-b016b22b.png?t=1632964183
TMO,Thermo Fisher Scientific,Health Care,https://companieslogo.com/img/orig/TMO-dd47efaa.png?t=1647960155
TJX,TJX Companies,Consumer Discretionary,https://companieslogo.com/img/orig/TJX-33c1389a.png?t=1634110446
TSCO,Tractor Supply Company,Consumer Discretionary,https://companieslogo.com/img/orig/TSCO-b8757655.png?t=1657082778
TT,Trane Technologies,Industrials,https://companieslogo.com/img/orig/TT-1a62c53f.png?t=1660221039
TDG,TransDigm Group,Industrials,https://companieslogo.com/img/orig/TDG-4e393a70.png?t=1659803679
TRMB,Trimble,Information Technology,https://companieslogo.com/img/orig/TRMB-f6434f42.png?t=1652257672
TFC,Truist Financial,Financials,https://companieslogo.com/img/orig/TFC-10ef6fac.png?t=1634045116
TWTR,Twitter,Communication Services,https://companieslogo.com/img/orig/TWTR-358c8f8c.png?t=1647436042
TYL,Tyler Technologies,Information Technology,https://companieslogo.com/img/orig/TYL-4715aeb5.png?t=1660501465
TSN,Tyson Foods,Consumer Staples,https://companieslogo.com/img/orig/TSN-13bd5433.png?t=1648751038
USB,U.S. Bancorp,Financials,https://companieslogo.com/img/orig/USB-c800f27f.png?t=1648338605
UDR,UDR,Real Estate,https://companieslogo.com/img/orig/UDR-6f5a5f9a.png?t=1677229367
ULTA,Ulta Beauty,Consumer Discretionary,https://companieslogo.com/img/orig/ULTA_BIG-d5cf8f1d.png?t=1660197287
UAA,Under Armour (Class A),Consumer Discretionary,https://companieslogo.com/img/orig/UA-67cd9075.png?t=1660107013
UA,Under Armour (Class C),Consumer Discretionary,https://companieslogo.com/img/orig/UA-67cd9075.png?t=1660107013
UNP,Union Pacific,Industrials,https://companieslogo.com/img/orig/UNP-f9f889b9.png?t=1633497115
UAL,United Airlines,Industrials,https://companieslogo.com/img/orig/UAL-44813086.png?t=1649480773
UPS,United Parcel Service,Industrials,https://companieslogo.com/img/orig/UPS-2d269781.png?t=1633439421
URI,United Rentals,Industrials,https://companieslogo.com/img/orig/URI-afdee308.png?t=1649798101
UNH,UnitedHealth Group,Health Care,https://companieslogo.com/img/orig/UNH-7de2d8cd.png?t=1633357348
UHS,Universal Health Services,Health Care,https://companieslogo.com/img/orig/UHS-5591a82e.png?t=1660463729
VLO,Valero Energy,Energy,https://companieslogo.com/img/orig/VLO-535a2cd4.png?t=1650192067
VTR,Ventas,Real Estate,https://companieslogo.com/img/orig/VTR-f3c5c4df.png?t=1648159348
VRSN,Verisign,Information Technology,https://companieslogo.com/img/orig/VRSN-315625c7.png?t=1660196596
VRSK,Verisk Analytics,Industrials,https://companieslogo.com/img/orig/VRSK-5db4d89e.png?t=1649106626
VZ,Verizon Communications,Communication Services,https://companieslogo.com/img/orig/VZ_BIG-70fbd7ab.png?t=1633209373
VRTX,Vertex Pharmaceuticals,Health Care,https://companieslogo.com/img/orig/VRTX-1f0d2176.png?t=1649098998
VFC,VF Corporation,Consumer Discretionary,https://companieslogo.com/img/orig/VFC-948dcc52.png?t=1649106859
VIAC,ViacomCBS,Communication Services,https://companieslogo.com/img/orig/VIAC-65a57267.png?t=1603142065
VTRS,Viatris,Health Care,https://companieslogo.com/img/orig/VTRS-ea139526.png?t=1646083346
V,Visa,Information Technology,https://companieslogo.com/img/orig/V-05214186.png?t=1633206554
VNO,Vornado Realty Trust,Real Estate,https://companieslogo.com/img/orig/VNO-200b6013.png?t=1660200171
VMC,Vulcan Materials,Materials,https://companieslogo.com/img/orig/VMC-9ff4c338.png?t=1681964373
WRB,W. R. Berkley Corporation,Financials,https://companieslogo.com/img/orig/WRB-8bc4f523.png?t=1660029725
GWW,W. W. Grainger,Industrials,https://companieslogo.com/img/orig/GWW-03dc9738.png?t=1652264403
WAB,Wabtec,Industrials,https://companieslogo.com/img/orig/WAB-db993e72.png?t=1654588183
WBA,Walgreens Boots Alliance,Consumer Staples,https://companieslogo.com/img/orig/WBA-5a63a7a4.png?t=1648405487
WMT,Walmart,Consumer Staples,https://companieslogo.com/img/orig/WMT_BIG-4dae0070.png?t=1633217525
WM,Waste Management,Industrials,https://companieslogo.com/img/orig/WM-c6b6879b.png?t=1647860833
WAT,Waters Corporation,Health Care,https://companieslogo.com/img/orig/WAT_BIG-e0440c37.png?t=1648326208
WEC,WEC Energy Group,Utilities,https://companieslogo.com/img/orig/WEC-b1d49046.png?t=1648300457
WFC,Wells Fargo,Financials,https://companieslogo.com/img/orig/WFC-a4743c33.png?t=1633439489
WELL,Welltower,Real Estate,https://companieslogo.com/img/orig/WELL_BIG-a3d8cde4.png?t=1648406462
WST,West Pharmaceutical Services,Health Care,https://companieslogo.com/img/orig/WST-12c24d8a.png?t=1648039783
WDC,Western Digital,Information Technology,https://companieslogo.com/img/orig/WDC-e128135f.png?t=1660028557
WU,Western Union,Information Technology,https://companieslogo.com/img/orig/WU-1a8f4ddc.png?t=1677578651
WRK,WestRock,Materials,https://companieslogo.com/img/orig/WRK-9aee366d.png?t=1648287886
WY,Weyerhaeuser,Real Estate,https://companieslogo.com/img/orig/WY-a3f1825b.png?t=1648311408
WHR,Whirlpool Corporation,Consumer Discretionary,https://companieslogo.com/img/orig/WHR-61787a63.png?t=1660030635
WMB,Williams Companies,Energy,https://companieslogo.com/img/orig/WMB-89c51e33.png?t=1648407030
WLTW,Willis Towers Watson,Financials,https://companieslogo.com/img/orig/WTW-76d75909.png?t=1645020688
WYNN,Wynn Resorts,Consumer Discretionary,https://companieslogo.com/img/orig/WYNN_BIG-8ab00a4f.png?t=1651593399
XEL,Xcel Energy,Utilities,https://companieslogo.com/img/orig/XEL-20561a33.png?t=1648742281
XLNX,Xilinx,Information Technology,https://companieslogo.com/img/orig/XLNX-e61d7a44.png?t=1594300542
XYL,Xylem,Industrials,https://companieslogo.com/img/orig/XYL-505da0e8.png?t=1648148720
YUM,Yum! Brands,Consumer Discretionary,https://companieslogo.com/img/orig/YUM-3e0453d9.png?t=1648284766
ZBRA,Zebra Technologies,Information Technology,https://companieslogo.com/img/orig/ZBRA-e0de829b.png?t=1647839766
ZBH,Zimmer Biomet,Health Care,https://companieslogo.com/img/orig/ZBH-01f28fb9.png?t=1647979824
ZION,Zions Bancorp,Financials,https://companieslogo.com/img/orig/ZION-940dd660.png?t=1648041867
ZTS,Zoetis,Health Care,https://companieslogo.com/img/orig/ZTS_BIG-2c2f7d80.png?t=1647966495
